contact_id,civilite,nom,prenom,fonction,email,telephone,id_client
8db57eab-619a-45c7-9902-988326425813,Mme,Sanchez,Hugues,CFO,slebreton@klein.com,+33 6 44 71 34 93,55307f89-e239-4d0c-a509-ef46ddd2d151
f6e9dc15-ff8e-4396-b0fa-0160a5889c33,M.,Lamy,Gabriel,Directeur juridique,reneblanchard@lopez.org,0271746488,55307f89-e239-4d0c-a509-ef46ddd2d151
a834d4d8-c13e-4ea7-9c6f-b7441dacd11c,Mme,Teixeira,Brigitte,CFO,lesagenathalie@texier.org,+33 (0)1 13 99 04 90,55307f89-e239-4d0c-a509-ef46ddd2d151
6032babe-c843-4dfd-a78b-41fe73334b85,Mme,Ledoux,Olivie,Directeur juridique,ppaul@lopes.com,03 71 75 65 51,8b133102-74bc-4e8c-a0b8-f10b59830f4d
f4106d77-0af4-4019-983c-0cbba8623a07,Mme,Renard,Vincent,Directeur juridique,qherve@ifrance.com,+33 (0)2 71 54 51 68,8b133102-74bc-4e8c-a0b8-f10b59830f4d
7816a8a2-5a71-4a4e-8dd1-b316b5aa0489,M.,Martin,Margaux,Directeur juridique,mvincent@wanadoo.fr,0809770348,d32b5392-8812-4c63-b32f-e566402deb53
403116ef-f77f-493d-8320-185f2da782e5,Mme,Payet,Sébastien,CEO,briviere@orange.fr,+33 2 48 08 61 31,74663b01-70ae-4d7c-ba9d-1e1dc1e591c9
58a380ba-b3c6-4ceb-ad5e-d3db75976aca,M.,Pinto,Georges,CEO,sauger@legros.fr,06 37 82 63 98,74663b01-70ae-4d7c-ba9d-1e1dc1e591c9
0c2c954e-e25d-4465-b556-d673150a67ba,M.,Letellier,Grégoire,Responsable RH,penelope65@bernard.org,0399727875,74663b01-70ae-4d7c-ba9d-1e1dc1e591c9
eb1e32b4-1bad-40c6-9b32-7c8915794653,Mme,Le Roux,Françoise,CFO,mlebrun@orange.fr,01 36 05 76 62,f06ddb4c-f082-4378-b587-cc1a72caab66
b55a426b-33ef-48e7-904b-f211fb7918e1,M.,Costa,Auguste,Responsable RH,eugene71@garcia.com,02 21 74 59 61,d1419330-5137-4a0c-87ff-52b230421701
e4e77457-da6e-4a35-bb15-4dc10338678a,M.,Boulanger,Dominique,Directeur juridique,lorraine78@gmail.com,+33 (0)4 34 31 61 17,d1419330-5137-4a0c-87ff-52b230421701
96fda975-78a1-4449-8117-c0c0b02a3db1,Mme,Brun,Marine,Directeur juridique,lambertvictor@gmail.com,0255623869,6733da72-a41f-491a-8893-af3162117364
61a120cd-d551-406a-9835-e684677d66a8,Mme,Normand,Sophie,CEO,jeromechevalier@legendre.net,08 09 23 74 74,754265ae-2c64-4a62-b166-609bed8d62d7
27bd2870-cefb-4ded-b0a1-eeccd17ed994,Mme,Martineau,Alain,Directeur juridique,margaret82@hotmail.fr,04 59 46 47 43,754265ae-2c64-4a62-b166-609bed8d62d7
08330226-aeed-4ef7-88ba-e3bcf8507b56,Mme,Jacob,Dominique,CEO,gomezalex@live.com,0240640909,08b6cce0-1c6c-4944-b9ac-e5848e76a45c
ac245192-ac2a-4e40-a836-72ba5f6e194a,Mme,Vallet,Colette,CFO,juliebenard@orange.fr,+33 4 94 21 04 70,4b2df728-f816-488c-8a39-264e1e390fb7
1c99f6c9-3155-4239-8159-003b6ea8f8fd,Mme,Delorme,Aimée,CFO,colletvictor@roger.net,+33 1 85 88 42 47,44becd82-76d1-41c6-ae00-ce8c940b73a6
ba256128-c69b-452b-8846-ff36eee6ff8e,M.,Collet,Océane,CEO,bigotdenis@laposte.net,+33 6 68 51 60 48,48281461-cf28-4f45-8211-6bba0d2f56a4
0dbf3029-9560-4a94-be4d-3a5f7dc2360d,Mme,Denis,Cécile,Responsable RH,isabelle65@yahoo.fr,+33 6 70 98 59 31,48281461-cf28-4f45-8211-6bba0d2f56a4
64c2b2e8-336d-4b31-8894-e932663d6cab,Mme,Bousquet,Valentine,Responsable RH,manon61@laposte.net,+33 (0)2 04 71 13 82,48281461-cf28-4f45-8211-6bba0d2f56a4
8ada42cb-e4b8-40bf-bf5e-d80336821757,Mme,Chevallier,Cécile,Directeur juridique,vcoste@laposte.net,02 17 96 40 53,63fd3820-a08a-467e-94d7-f84a7db4f6b3
46ddb29f-e7eb-4c53-8de0-00cee0bdc12b,Mme,Hebert,Capucine,Responsable RH,eugene58@bonnet.fr,0131713900,63fd3820-a08a-467e-94d7-f84a7db4f6b3
b50ec240-3a61-47cd-a72c-089a8ea9969d,M.,Le Roux,Patrick,Responsable RH,danielsalmon@coste.fr,+33 1 90 42 28 42,7b2df620-592d-4186-8310-72bc86f32949
6625bef8-7db1-4c44-81cf-fcf48a8d06b0,M.,Masson,Margaud,Directeur juridique,alexandrepelletier@pruvost.com,0102681177,7b2df620-592d-4186-8310-72bc86f32949
0a8c31c1-3e4e-410e-952f-1007263677f5,Mme,Merle,Agnès,Directeur juridique,ogaudin@petitjean.org,05 00 76 61 77,958fa7e4-bfad-4af7-8f13-f0b11cd95b44
e8b57dbb-3e05-4d38-9f93-e60d08016b70,M.,Legrand,Édouard,CFO,christophemarchand@bouygtel.fr,0469847896,958fa7e4-bfad-4af7-8f13-f0b11cd95b44
3ec83894-a7c0-447c-9452-9243502ec71f,Mme,Perrin,Stéphanie,CEO,auroresauvage@pasquier.fr,02 15 65 45 27,958fa7e4-bfad-4af7-8f13-f0b11cd95b44
b7dc9075-0a9f-48d4-91fe-a1d46732e844,Mme,Mercier,Éric,Responsable RH,lesageetienne@dumont.com,0516560494,d2ca6ff9-f0ab-4795-bf4e-25742169db1d
ddda3c3c-e827-4069-83eb-a076c7dfc7a1,M.,Benard,François,CEO,margauxleduc@nicolas.fr,+33 (0)8 04 93 68 99,d32b3240-ef39-49c2-bc97-729e89eeb4ec
b7db8015-2fc5-4889-b342-f04373706859,M.,Parent,Lucy,CEO,antoine24@maillot.fr,+33 (0)1 22 96 12 01,b5431219-068f-4a9d-88ec-34385699f525
73c665d6-4b4e-4b77-874f-d858b6f8f117,Mme,Letellier,Éléonore,Responsable RH,dhumbert@barbier.fr,0359910229,b5431219-068f-4a9d-88ec-34385699f525
e5df5847-2781-4283-b206-b9cdc95bbe26,Mme,Girard,Margot,Directeur juridique,capucine67@legros.org,+33 5 81 56 14 97,e59054ce-cc92-4339-b67a-f390729b9a03
7af2443d-4751-40a4-bf1e-9f5e7a65a1d1,Mme,Laine,Margot,Directeur juridique,vasseuranastasie@gmail.com,+33 (0)1 34 32 44 51,e59054ce-cc92-4339-b67a-f390729b9a03
84ee0cf5-9ab0-4efa-82b4-3d9956135841,Mme,Robert,Colette,CEO,gillesgillet@orange.fr,0616060715,e59054ce-cc92-4339-b67a-f390729b9a03
84233982-eb60-4c09-8336-082b5d5351de,M.,Bruneau,Aurélie,Responsable RH,hcharpentier@ifrance.com,+33 (0)1 52 97 51 61,ebb55f6e-3b53-4105-9c74-ba6a030b963e
2495ed04-cbd9-4673-9a10-8b9bb5e06df1,Mme,Berger,Bernadette,Responsable RH,delaunaythierry@dbmail.com,+33 6 52 18 18 83,ebb55f6e-3b53-4105-9c74-ba6a030b963e
1c0829f6-d2ae-4312-8178-d669eb8848a1,Mme,Diallo,Adèle,Responsable RH,noelhenry@laposte.net,0132921277,f4a091a0-19e7-4880-b4a8-9cec955b0edc
dc3af421-a757-4121-9882-596167b425ce,M.,Faivre,Geneviève,CFO,lorraine52@tele2.fr,+33 (0)4 77 44 90 58,6fa21168-170b-4a07-922e-49a39fbc8e5c
d6877b1e-0aca-4bf6-8031-4372e14be7c0,M.,Legrand,Thierry,Responsable RH,dmorel@live.com,0211998679,6ba6a87a-7016-4aed-9333-3a1020b31526
9f59887e-3479-4334-b0bb-77e20540937b,M.,Lenoir,Sophie,CEO,pmasse@lebrun.com,+33 (0)3 71 51 82 03,6ba6a87a-7016-4aed-9333-3a1020b31526
161d3da8-c4d7-47e1-b5e6-7c110583e06b,M.,Neveu,Brigitte,CEO,aimeeguichard@club-internet.fr,01 65 90 51 51,ff356c17-a218-4a4c-bf8f-fe4745348bd7
2362d271-d40d-4e5c-b3e8-020ed690b5e7,Mme,Pascal,Margaret,CFO,philippe92@dbmail.com,+33 (0)5 92 54 62 91,d530befe-91cb-4f39-8b21-db1a6836b2aa
32123120-8930-4b88-919a-cb77fd1dd3e6,Mme,Ruiz,Gabrielle,Responsable RH,sylvie28@hotmail.fr,03 85 05 42 35,0eecdb50-d020-48d6-8787-07a4ab00d36e
32a9163d-d181-4d3e-bed0-b95ed7d3b59e,Mme,Gosselin,Claire,Directeur juridique,guillaumemeyer@collet.com,0592962229,6919da49-371a-4dab-88b0-f4b1a9bdf2aa
d0cc7384-2137-4c5f-af93-f974f1c9dab2,Mme,Gaillard,Michelle,CEO,bouchetaimee@orange.fr,04 94 73 83 47,6919da49-371a-4dab-88b0-f4b1a9bdf2aa
9f880241-d0f9-42ff-82c4-226136cfac13,Mme,Leclercq,Alexandrie,Directeur juridique,slecoq@ifrance.com,02 23 92 40 75,6919da49-371a-4dab-88b0-f4b1a9bdf2aa
d072c0e4-63fb-4af1-9ef7-1f03d79c567c,Mme,Lenoir,François,Responsable RH,emile24@blanchet.com,03 13 75 06 06,2fd0f80e-75f3-4176-a354-e29a4eb35d60
6bc6efa4-9859-46ec-b0fd-133ebff7599c,Mme,Gaudin,Alix,CEO,xfaure@leroy.fr,+33 1 20 47 27 79,2fd0f80e-75f3-4176-a354-e29a4eb35d60
416c4187-da5a-4451-aecf-bb181f670dfb,Mme,Thomas,Édouard,Directeur juridique,martin28@masson.org,+33 8 04 10 36 97,2fd0f80e-75f3-4176-a354-e29a4eb35d60
af141beb-0b38-45f6-86ce-d1ab95da11f1,M.,Andre,Frédéric,CFO,lefortdenise@orange.fr,+33 1 46 09 53 96,eaef953d-95dd-493c-9dfe-e2d4de3e17e6
a1cf418b-c594-4a16-b28e-cb770bf33f25,Mme,Lemoine,Margot,CFO,daniel88@perrier.com,01 54 05 15 31,eaef953d-95dd-493c-9dfe-e2d4de3e17e6
ce52363f-4b58-42dd-adf1-3c6c0fcbd753,M.,Leleu,Inès,Responsable RH,benjaminbenard@dbmail.com,+33 3 77 22 17 04,02e5970b-e4a0-4542-adcc-4b61ae088388
40376b54-27b6-4597-a224-2c8092e2f853,M.,Renaud,Benjamin,Responsable RH,gomesthierry@devaux.fr,0103450541,accc7eca-b18a-4251-a62a-6dd03781a918
c833854e-e35d-4ddc-b2ae-1d09442bbb97,Mme,Tessier,Bernadette,Directeur juridique,vcollin@free.fr,08 07 58 41 61,96555464-f6b0-4dfe-9177-0c8e0adf7c59
ffcbcffb-8bd6-47a7-8794-3757ae543ccc,M.,Perret,Josette,Directeur juridique,tristan11@peltier.org,0379627570,96555464-f6b0-4dfe-9177-0c8e0adf7c59
e3da0b8f-ec1f-40d5-9b88-22b63d8776d9,Mme,Petitjean,Adrienne,CFO,lucie01@ifrance.com,0808202970,699fbc83-5859-4776-8090-0a289e65c155
9b0f19a1-37f5-4d84-9675-0e902af49ee0,M.,Marchand,Daniel,Directeur juridique,agnes69@texier.fr,0805719285,cf878ca4-6420-4fb4-b26f-0c75aa2a1cdc
1fd8e90e-d138-42ab-838e-0c450bfe3b63,M.,Chauvin,Thomas,CFO,gabrielmichel@free.fr,08 08 68 14 47,2e3dbfa5-7add-4337-935c-d0a0e242f2a6
c219c882-4941-49e0-b505-abdcee90f60b,M.,Benoit,Juliette,CFO,hbourgeois@laposte.net,+33 (0)4 72 71 55 18,0fa71635-95b2-4a1e-a08b-47979a5445e0
1a9d7532-c946-4646-817b-52c5ec9cccf8,Mme,Allard,Stéphane,CFO,michelelacombe@free.fr,0808313237,55c72803-fdce-4d5b-a86b-606399559a5e
94a30eba-2e1b-43ec-b554-9b2cad438456,Mme,Michel,Agnès,CEO,icourtois@hotmail.fr,+33 (0)4 46 78 66 91,55c72803-fdce-4d5b-a86b-606399559a5e
9d2fa74c-07f8-48dc-92a8-558debf8109c,M.,Marchand,Timothée,Directeur juridique,rturpin@rodriguez.com,+33 1 68 01 82 42,55c72803-fdce-4d5b-a86b-606399559a5e
03b06b5d-75c7-46dd-bfd1-d4fa1bb5f6c5,Mme,Renard,Tristan,CFO,diane41@pierre.org,+33 1 49 81 82 99,5ee4c747-9c38-4943-81a6-423039501f18
93ffa466-d35b-4edc-b726-4ee81b57da6d,Mme,Brunet,Jean,CFO,leroyedouard@gmail.com,0139690784,141af644-dbe8-43d2-8e31-ed9f5da6fdf7
612f9624-6031-4a99-97ee-b3b6f2d37e3d,Mme,Clerc,Thibaut,CFO,susanpottier@ifrance.com,0371027677,141af644-dbe8-43d2-8e31-ed9f5da6fdf7
90254e2a-1c43-470e-89c3-e82659b08649,M.,Martins,Zacharie,CFO,michelle55@dumont.fr,+33 (0)6 53 71 47 32,cec9cc25-8566-4791-8fa2-39235ea11679
92d81584-9b92-487a-aa46-738c64cba077,Mme,Pereira,Benoît,Directeur juridique,achauvet@orange.fr,+33 2 59 53 27 87,cec9cc25-8566-4791-8fa2-39235ea11679
e3f270bb-b9af-4c88-bae9-15e61c8497a9,M.,Didier,Thibault,CFO,robinanais@wanadoo.fr,05 33 95 00 47,cec9cc25-8566-4791-8fa2-39235ea11679
13904c59-49d9-4891-956e-4b1a62ddcce0,Mme,Godard,Zoé,CFO,elise01@noos.fr,+33 1 45 65 06 09,60b5e4e8-0448-4f10-a25d-95691df9d10d
5b29dab9-dd33-42db-a290-a3e8328ee760,M.,Guilbert,Léon,CEO,david68@tele2.fr,0199121655,8e7423fa-2bf7-49d1-a53a-441534019afe
29df02ac-8c9b-4936-a904-fac6a68049d0,M.,Pascal,Aimée,Responsable RH,josettegregoire@charrier.com,+33 (0)2 02 57 87 29,6f874b9f-f637-4bcf-8854-ca566d074cae
41f31082-68a1-4bd9-ad50-92490823d06a,Mme,Buisson,Guillaume,Directeur juridique,isaac69@club-internet.fr,0588879470,6f874b9f-f637-4bcf-8854-ca566d074cae
1aa24ada-c1a5-4f11-805e-2381c086d8fb,Mme,Tessier,Vincent,CEO,tguillon@godard.org,+33 6 09 72 89 62,6f874b9f-f637-4bcf-8854-ca566d074cae
848169ca-3f87-490a-80e3-56d2be9e4010,Mme,Bazin,Patrick,CFO,aubertalfred@bouvier.fr,+33 1 63 68 97 02,78c608e8-6210-4d67-ae22-88572dc48135
ba87ceaa-94b4-4fbc-875d-e23b420c14b9,Mme,Paul,Marc,Responsable RH,ylaine@dbmail.com,+33 3 78 58 54 97,78c608e8-6210-4d67-ae22-88572dc48135
28a2ef05-5c7b-44fe-9afd-d94bee437f54,Mme,Olivier,Paul,Directeur juridique,maurice44@sfr.fr,08 05 75 84 41,78c608e8-6210-4d67-ae22-88572dc48135
d31238bf-800a-481d-86da-ba2b2767d0c7,M.,Baudry,Margaret,Directeur juridique,xbarre@laposte.net,0204157473,baa36eb4-bdc9-4672-9ce2-2401daf1af1d
e0200b12-712f-4485-817b-b91af68d6cd9,M.,Renaud,Valérie,CEO,guillaume19@orange.fr,+33 8 00 83 30 16,baa36eb4-bdc9-4672-9ce2-2401daf1af1d
f3424fb9-33c3-4186-bf7e-85e1b68ccd2e,Mme,Rémy,Michelle,Directeur juridique,bazinpenelope@laposte.net,+33 (0)1 82 67 73 45,4360cb2d-9412-4cd5-a476-ad9e7a5f8305
927cbf3e-7290-4d3a-ab24-69b80fee8ca1,M.,Renault,Madeleine,Responsable RH,gilleshenriette@joubert.com,+33 3 62 06 72 40,4360cb2d-9412-4cd5-a476-ad9e7a5f8305
8be88325-941a-4140-8754-6e0d671c91c4,Mme,Petit,Théophile,CEO,roland78@lucas.fr,0131527420,4360cb2d-9412-4cd5-a476-ad9e7a5f8305
75d51325-eb4c-44e7-9eb8-dcea5209252d,Mme,Gallet,Yves,Responsable RH,jeromebourdon@ifrance.com,03 85 16 12 27,85a121c8-7e21-4005-b9a9-ad000a0ff840
7e5181d9-8475-4e2a-95f6-708a180f961b,Mme,Breton,Paul,CFO,alice37@boulanger.org,+33 (0)1 45 30 17 42,122ac646-7385-435c-93e1-63188373d129
ced312be-9683-4247-8b67-b358d1157538,Mme,Lebon,Marianne,CFO,rioutheodore@live.com,+33 6 32 72 79 56,cac4fcdb-cb91-4cd6-b2ea-071ad065b065
316a4b21-485d-4267-b420-402e901084e0,Mme,Boutin,Emmanuelle,Directeur juridique,paulettehoarau@hotmail.fr,04 85 19 10 88,cac4fcdb-cb91-4cd6-b2ea-071ad065b065
88f69166-2cd3-46c1-ab91-4bf6d72d6a79,Mme,Renaud,Henriette,Responsable RH,victordijoux@ferreira.net,08 01 87 07 28,0edac7a1-815d-4b39-a043-2166dcbe7c97
de4e496c-f0f1-41b8-abf1-efacd28890f1,Mme,Legros,Cécile,CEO,zmaillet@ramos.com,01 40 39 10 65,0edac7a1-815d-4b39-a043-2166dcbe7c97
